id,name,value
bde2504e-8b9b-4f77-9cca-6f17ae449f6f,name_0,0;1733924705
bde2504e-8b9b-4f77-9cca-6f17ae449f6f,name_0,0;1733924705
c309021d-6622-4b4e-bc47-5486ea6abf26,name_5,5;1733924711
7ebfda4b-04ec-4a98-91da-0b98ada49544,name_9,9;1733924715
1a67d510-8ad5-4e14-87f0-722171597880,name_20,20;1733924726
bde2504e-8b9b-4f77-9cca-6f17ae449f6f,name_0,0;1733924705
6fae8792-15ba-45e0-9344-eb4477622f41,name_25,25;1733924731
0c707f14-220b-494f-a660-9acf63a7ac8f,name_26,26;1733924732
8248749d-1f0e-498a-8d4f-113997e49be7,name_29,29;1733924735
2379aada-66e2-4f6c-a116-6d419db6f9e7,name_30,30;1733924736
81f15161-24d3-487c-939c-9b1cb767b1e7,name_32,32;1733924738
a6778147-4367-4045-93b3-17e49dc9cc7c,name_33,33;1733924739
f2a2543b-60d3-43e5-b95d-57d24f36ace1,name_34,34;1733924740
7bf9b5a3-cbc7-4eb6-9824-f72c7ed84e70,name_38,38;1733924744
7fb0e986-57f3-4772-a3f9-82fe8a42b2b3,name_39,39;1733924745
fc842154-10ac-4374-917a-494dbd7b74ce,name_42,42;1733924748
31a573b7-bdc1-436d-88cf-1240ebe161bb,name_43,43;1733924749
32f0ecdb-a0d5-4c48-bff3-b0f2813903ce,name_47,47;1733924753
fed10491-e131-4dcf-9bf0-7ec59d17ae1a,name_48,48;1733924754
83cdc2ec-6e3e-43e2-a009-166ea3851c50,name_58,58;1733924764
0a675b5d-f998-4c60-ad67-6fc9e6525a2a,name_59,59;1733924765
fb934162-5ada-4c45-9606-74077a25909d,name_61,61;1733924767
3248f71f-d344-4349-9920-6be49b47aea7,name_62,62;1733924768
562c50d6-ff76-4fbb-8497-12181ee63b41,name_66,66;1733924772
2190a2dd-72d1-44e6-b612-b062fba501b7,name_68,68;1733924774
1c6fb044-fdd9-4ae4-b882-647854de5851,name_69,69;1733924775
6fc75e24-bc85-4c61-b69c-cbb271bba730,name_70,70;1733924776
845bdfb7-9f89-486f-82ee-55279a215f84,name_71,71;1733924777
2a21d900-7a47-4995-9aa7-a540184fc70b,name_72,72;1733924778
0f9cb735-bd85-45d3-84cd-1ae27025c529,name_75,75;1733924781
26ea0267-f8f5-4a62-aa7c-d650a4297007,name_76,76;1733924782
37355054-3d4d-4633-ba92-9d3d97bc331b,name_78,78;1733924784
656b4588-5d11-49f2-acb9-f58633719a74,name_81,81;1733924787
daa1c701-caa3-482a-b636-1b8d6f4ac1ad,name_82,82;1733924788
6152a81b-a6dc-4fac-892b-703267884200,name_84,84;1733924790
4cff9565-c120-42ff-97b9-c7d672a9017d,name_85,85;1733924791
6254a077-f679-4a04-b539-13e4a9220921,name_89,89;1733924795
fed94b5c-192b-4192-92fa-1213b956c820,name_92,92;1733924798
a4ca2e15-d5cd-4e2d-8146-6d48bea00426,name_93,93;1733924799
f95dc5fb-5753-470b-9ace-2c6042c97b22,name_96,96;1733924802
a96eb9b6-207b-475a-ab8a-60d9111f223f,name_97,97;1733924803
bde46461-0fbc-4e57-8852-1c193531a71f,name_102,102;1733924808
4b08bfab-226d-4a3d-a0d4-b0fa8dc4f502,name_103,103;1733924809
c7a7ec0a-d87f-4f46-bcda-0d26e995603c,name_104,104;1733924810
e16eb40c-3408-4898-bf89-356341156ca9,name_107,107;1733924813
0b5edbad-a2b2-44a1-998f-eb148d5be6ce,name_108,108;1733924814
1f12cec6-09d1-45f7-89fc-20e86b5f6be0,name_113,113;1733924819
477f50ce-7c89-4890-a603-2153ce0b3b7b,name_114,114;1733924820
bf3ed72a-7425-4514-a43b-64d541732437,name_117,117;1733924823
ef610b5a-4ac4-4111-b804-beff48bbe6ed,name_119,119;1733924825
6105acee-c169-44eb-83e1-a454ebe9622b,name_122,122;1733924828
f5b62939-819f-41d2-9d25-e4b78ac920ad,name_123,123;1733924829
deee0859-a4e3-438a-91b0-c87e4bf1b86b,name_124,124;1733924830
d8bb2460-496e-45c5-9835-15f1a2169903,name_128,128;1733924834
0a614b85-547f-420b-9442-d3df656cb3ac,name_129,129;1733924835
aaf18d42-dbf0-4b69-942f-5586495fe100,name_131,131;1733924837
866a1b78-671b-41ef-9574-c3e0af8a8ed8,name_134,134;1733924840
f1882e01-62be-453a-bf57-e4266011962a,name_135,135;1733924841
8aa0e8d9-9022-4244-a8f1-e45778165207,name_137,137;1733924843
4d27e1f4-dcaa-46a0-bd74-05da135b6814,name_138,138;1733924844
420eeefd-5388-4dde-8d25-2cec68d252b4,name_141,141;1733924848
98114b9a-3de2-433b-808f-c494d9f460c8,name_144,144;1733924851
570b988d-7ac4-4443-be2c-3bf944c31f8a,name_146,146;1733924853
9632553b-9771-4646-826e-2384a0676470,name_147,147;1733924854
0d7865aa-a725-4f42-8ce7-d26e7c0499b2,name_153,153;1733924860
48c80436-c1f8-4e05-bfaa-1c255e080f7c,name_155,155;1733924862
fc6dc780-706f-442e-84fb-25f32c43641e,name_157,157;1733924864
85756de4-5918-4a3d-a46c-96191d3c48d1,name_161,161;1733924868
656dff82-93f1-4b00-9466-50b74207538e,name_162,162;1733924869
aca05d00-cd96-4b56-97a6-b11ffeac895b,name_163,163;1733924870
551605cf-d351-4a37-a561-6e05ea4ed8f8,name_164,164;1733924871
a0d538d8-39b5-4d57-a10c-565f42f44020,name_168,168;1733924875
37c358ef-566e-4ecc-a6a5-7f10c96aab20,name_169,169;1733924876
66206bed-8012-4b46-acab-c01da72f5bfb,name_170,170;1733924877
7ee7d0f4-c971-4888-a4d3-1a194b0c1427,name_172,172;1733924879
ce1a0251-8bcd-4640-930a-e4d1c95f9162,name_173,173;1733924880
6defb6af-92aa-4e31-b3c1-143a7b85c9c1,name_178,178;1733924885
5b12525f-c263-4245-96a6-27fe2ac751c3,name_183,183;1733924890
cba9435d-d4c8-4970-a766-bc8509293df8,name_184,184;1733924891
95fe5dfd-8610-41c9-9e4b-a6a588eda073,name_188,188;1733924895
d0a9212a-3bb7-403d-aa6b-68fa93ff8e0e,name_192,192;1733924899
75f85a0a-849c-4211-91a5-e5f4a1ad1781,name_198,198;1733924905
44d8292c-7167-4869-b732-912801b240e9,name_200,200;1733924907
d3201f8a-3ce0-46f1-990c-c4653afbd9ae,name_201,201;1733924908
38aae4aa-6ceb-456d-a4ff-7ed7620522c0,name_202,202;1733924909
5095de31-4266-4e7c-9d72-6f45eaafb4ba,name_204,204;1733924911
c9437d65-d900-4217-9590-80c4fad15a11,name_205,205;1733924912
0ef871f4-e8ed-460d-b6cd-e1c5ba408189,name_208,208;1733924915
6b1d6aa7-e9cd-4d43-8493-f3177303fbdc,name_210,210;1733924917
f26f7855-b0a5-403b-acaa-c077071727df,name_216,216;1733924923
696300b1-af10-4bb1-a87b-f3312b33d42a,name_220,220;1733924927
14b34781-9ab6-4c80-b256-0dd65b6c2781,name_222,222;1733924929
311bcb67-56ab-4a18-8a2d-2a2e556dd3a7,name_224,224;1733924931
9e54ae4b-e37a-4a20-a2ba-8e665804ce52,name_226,226;1733924933
5f1ed56f-03f6-4c1d-ae9b-6e91d5710ae9,name_227,227;1733924934
3f275d6f-620e-4ecf-be9a-bb07cda7e707,name_231,231;1733924938
3a51f7b7-dcb2-4480-9f64-6cb005080cd7,name_232,232;1733924939
c6448e85-217b-4685-be6b-e489020ce390,name_233,233;1733924940
5b9c08f4-1f6c-443b-a0ee-14da972fe1fb,name_234,234;1733924941
0726ea6f-4cc5-4aba-887e-941b9484e6e0,name_240,240;1733924947
2128b73c-cf10-4497-ac48-4de086f328da,name_241,241;1733924948
4e0b6be8-1f91-4868-b5ec-d06bd82dd8f6,name_244,244;1733924951
748e69b2-042c-43ef-8104-e14e4f90a3e7,name_245,245;1733924952
f28659c6-5c97-4855-b1bb-cbf9061b083e,name_246,246;1733924953
18e6d6fc-ab54-4819-a078-2711d1ab266c,name_247,247;1733924954
5a16e6c5-c942-4622-9d21-0d6cd0ad653b,name_249,249;1733924956
e0817f88-6c3b-40ac-b39b-6a25c5e9129d,name_252,252;1733924960
fd22e177-40c6-4549-9245-837922d707c8,name_254,254;1733924962
d76adc8d-9c0b-4acf-b714-d60fea1735d4,name_255,255;1733924963
58e8a90a-7df6-48b0-b986-3adb76badd8b,name_256,256;1733924964
f8518d52-1914-4983-b1f4-730f70cfa6d7,name_260,260;1733924968
768adfe2-9c9a-4b4d-8d0f-892a587db71f,name_262,262;1733924970
9c8b1d0d-aef9-4982-9b0c-e3c27dc60a16,name_263,263;1733924971
988a56a5-ddad-4003-a1b5-6f06e6db6253,name_264,264;1733924972
a0a0c36c-700f-4aa6-8036-189a0c076d19,name_265,265;1733924973
47f169aa-e623-4c8a-84d2-d2f4f46871b2,name_266,266;1733924974
d460f201-eda1-433a-955a-b5faf4e3b32d,name_267,267;1733924975
dd19854c-a273-4503-98a6-f503bbe7fdcf,name_271,271;1733924979
1086d475-cd3f-47ff-8e61-20981a9b33f4,name_273,273;1733924981
37a0c2b0-1b86-4b8b-9272-3bc4a78492bc,name_275,275;1733924983
777cbda5-6e82-4783-9177-ad1a64d550f1,name_276,276;1733924984
b91abf61-75f8-49f6-a698-3ef2fd280d46,name_277,277;1733924985
3414292c-c39d-4c3a-bbd1-902697061908,name_279,279;1733924987
b6b0ae7e-038d-41e9-baca-be1e75cfb281,name_282,282;1733924990
15efad00-beb3-4d1f-b97d-6fa888a0b147,name_283,283;1733924991
712dbe18-b4fd-44ff-85e8-4bb38b6c07fc,name_286,286;1733924994
f44c98ac-3dfb-4000-b81c-5c4aab7f76b3,name_288,288;1733924996
3ad0eb15-ce6a-47b2-8dc0-ff2f2c8e9e1a,name_289,289;1733924997
9d5faa3e-99a4-4f1b-98c4-296818fb52a6,name_292,292;1733925000
91313a3a-8e2f-4021-b85e-b1a0cbb138f9,name_294,294;1733925002
d4a82c25-9971-498a-87e1-9469c9f62122,name_296,296;1733925004
95df3310-9001-4cf4-91a4-6e08a35e7d36,name_299,299;1733925007
6cc38be4-7c23-4c0d-bbbd-65928a655c23,name_303,303;1733925011
44bbd1aa-fde3-4337-b8b4-a5f28eec7851,name_306,306;1733925014
39da0faa-011e-440c-b84f-4a8fa412159d,name_314,314;1733925022
821bb6d2-7640-4b70-880b-947cba0a9f38,name_315,315;1733925023
201d43ac-5aa5-4a57-8f51-f2899d5c8216,name_317,317;1733925025
43ccb1f3-6418-49ab-a38f-b7210aaa1823,name_319,319;1733925027
15ef10ca-1c56-4ede-9ab5-9ab7057af1f8,name_321,321;1733925029
bfb50920-8752-4ae2-a06b-c53ff1fb3ab7,name_322,322;1733925030
2b1219d7-4ce4-42ee-b6de-ab6c185e8054,name_325,325;1733925033
e96644f5-2f37-4353-b085-e9e230ed8887,name_330,330;1733925038
bfa9024b-d55f-43ac-bc3d-39122fd8b9df,name_332,332;1733925040
1dd9fa0d-a375-4545-b03c-c80833021001,name_334,334;1733925042
c6522a34-6602-4653-9608-3cf7847038da,name_335,335;1733925043
2947a5b3-59fe-42ef-b8ce-b53598b69726,name_337,337;1733925045
4eeba9f3-1861-42ff-a475-35f496097164,name_338,338;1733925046
7488fab5-16fc-4dcf-9d4f-7c8117bc6096,name_339,339;1733925047
7cbc63c4-2870-4f26-8469-90d0a4e76cab,name_343,343;1733925051
be9fae71-198f-4b02-8c76-cf2466ccb114,name_344,344;1733925053
2da66fdf-2e66-43a0-88b4-0a4ed1ba4f1c,name_348,348;1733925057
4eb41639-4825-4272-a51b-54bbc76e2855,name_349,349;1733925058
7d81e800-01e3-404b-8b80-30ae188af7fc,name_350,350;1733925059
2f9a0767-0da5-4e4e-a76e-3925651a9b1f,name_354,354;1733925063
1bf01729-9c53-4a3a-b9e7-1325d25aca70,name_355,355;1733925064
f24c91d9-fa54-45b1-9f89-8a7b518562fd,name_357,357;1733925066
79e53c10-6a09-4a35-9908-7338c861b7c5,name_359,359;1733925068
27e2b926-9fa0-482d-803c-94047c074ddd,name_364,364;1733925073
95dad085-1ff7-4821-bb47-8f3aefd29f01,name_365,365;1733925074
fb5cdac6-eeb5-4e93-82f3-86ffbf48f524,name_367,367;1733925076
fc2b8f07-22cf-40db-abd6-db10f7680b00,name_368,368;1733925077
65e71be8-1443-490d-8b9c-2c011b365ae8,name_369,369;1733925078
f2b4ab72-a4c2-44ee-8e45-d943a61e945d,name_372,372;1733925081
cb283c23-ee9e-4d4d-9dcc-2b6dcc03067d,name_374,374;1733925083
ee4e1aab-4070-40bb-a12e-e24f7fe63a1c,name_375,375;1733925084
7c549fa7-289f-4db1-9df0-34b6cda02dab,name_377,377;1733925086
bd8706be-63a7-4392-96e8-e510c126d655,name_384,384;1733925093
f62e4906-b838-4a78-aa65-dcb68a1a278e,name_385,385;1733925094
e9303032-a216-46fc-a381-8fed084af000,name_388,388;1733925097
8074cd9e-3554-494b-93c5-aad7c099dae7,name_390,390;1733925099
283c5217-969c-4b25-aa34-4e53ce30b540,name_394,394;1733925103
9ee7f8ef-2485-45ea-a7bb-395d8574e3b4,name_395,395;1733925104
0736bf15-d867-46a1-b9f3-a373eae05a78,name_397,397;1733925106
33c3adb3-3809-4301-a6dc-1aa11b0acfc2,name_402,402;1733925111
705b479c-63b0-46ce-8013-1043b4dc7cef,name_403,403;1733925112
64f79f5c-2945-4475-b04b-71a67e661cd6,name_404,404;1733925113
f8c2d938-9061-498e-9a98-058192fe981d,name_405,405;1733925114
e4c9e64e-af06-4e75-8aad-3be89d96083f,name_406,406;1733925115
fffd2bb4-3355-4090-b5aa-c48f83fb682b,name_407,407;1733925116
e48e245d-a138-4213-be25-2674f576b888,name_409,409;1733925118
79ccb9be-9680-4371-bee5-debc77a7bc0c,name_411,411;1733925120
9a2bed64-883e-4ab6-b472-968504fa0600,name_412,412;1733925121
cccbcff3-bd55-4fa8-8cee-4a605db17559,name_413,413;1733925122
e23bfb3a-13ad-43c2-93e2-16a29c8c6eaa,name_414,414;1733925123
bf399ec7-99fc-49e5-a494-2d75173be278,name_415,415;1733925124
e603c8f8-4438-4689-ba37-1c5d0b3593ba,name_417,417;1733925126
478ffb47-46d9-469a-9f01-54130e264215,name_418,418;1733925127
ff41ffda-8d65-4245-9441-b11c7c4cbf99,name_419,419;1733925128
11fd0f63-55c0-49aa-9171-71baa15bec85,name_420,420;1733925129
a8dc652c-9d93-46b0-aee3-93700a2cd680,name_422,422;1733925131
43044cd1-c5fc-4a8c-9b1f-2b17247e2be0,name_425,425;1733925134
bb3810d8-5bdc-4de4-8d8a-3092e78490e7,name_426,426;1733925135
084c34d0-cc11-4a44-bea8-9eea6f8216b2,name_427,427;1733925136
6452ca2a-87e9-4cb1-baae-88338d8beafd,name_428,428;1733925137
e52741c5-25f3-4330-ba88-62641b00d6b1,name_432,432;1733925142
48524abb-4478-4791-98db-7fabbfb7af6e,name_433,433;1733925143
1c47dfff-d902-42e0-baf8-9964e8e1ef1a,name_437,437;1733925147
3f22976f-7e7d-45e4-b8d1-f93998a05347,name_438,438;1733925148
9db9b1d6-e8c0-4434-a2b7-3480dcb1d886,name_450,450;1733925160
9cc6abba-379d-4347-97c1-c78e63025bde,name_456,456;1733925166
07b9eef5-9a20-470c-95fd-7490c6945065,name_457,457;1733925167
0a4e27d0-9b68-4e57-9b8e-15cc9df49419,name_458,458;1733925168
dacde428-f145-49f0-91f2-9fd430b60876,name_461,461;1733925171
fea41595-f468-4fb1-8edd-4237baa53c36,name_468,468;1733925178
